dep_drop,dep_red,ver_drop,ver_red,policy,pincode,reoptimized
0.7,0.2,0.2,0.0,-137227.46039999998,-75949.42119999998,8971.71419999993
0.7,0.2,0.2,0.2,-110617.46039999998,-55069.42119999998,8873.970199999982
0.7,0.2,0.2,0.4,-84007.46039999998,-34189.42119999998,23986.083400000003
0.7,0.2,0.1,0.0,-100136.0442,-54239.53780000005,8971.71419999993
0.7,0.2,0.1,0.2,-73526.0442,-33359.53780000005,13505.15399999998
0.7,0.2,0.1,0.4,-46916.044200000004,-12479.53780000005,46528.081000000006
0.7,0.2,0.05,0.0,-81590.33610000001,-43384.596100000024,8971.71419999993
0.7,0.2,0.05,0.2,-54980.33610000007,-22504.596099999966,22513.88679999998
0.7,0.2,0.05,0.4,-28370.336100000073,-1624.596099999966,68474.94219999993
0.7,0.5,0.2,0.0,-99067.46039999998,-52414.42119999998,8971.71419999993
0.7,0.5,0.2,0.2,-72457.46039999998,-31534.421199999982,8873.970199999982
0.7,0.5,0.2,0.4,-45847.46040000004,-10654.421199999982,23986.083400000003
0.7,0.5,0.1,0.0,-61976.044200000004,-30704.53779999999,8971.71419999993
0.7,0.5,0.1,0.2,-35366.044200000004,-9824.53780000005,13505.15399999998
0.7,0.5,0.1,0.4,-8756.044200000004,11055.46219999995,46528.081000000006
0.7,0.5,0.05,0.0,-43430.33610000007,-19849.596099999966,8971.71419999993
0.7,0.5,0.05,0.2,-16820.336099999957,1030.403900000034,22513.88679999998
0.7,0.5,0.05,0.4,9789.663900000043,21910.403899999917,68474.94219999993
0.7,0.8,0.2,0.0,-60907.46039999998,-28879.421199999982,25381.951799999923
0.7,0.8,0.2,0.2,-34297.46040000004,-7999.4211999999825,25381.951799999923
0.7,0.8,0.2,0.4,-7687.460399999982,12880.578800000018,32823.78040000005
0.7,0.8,0.1,0.0,-23816.044200000004,-7169.537800000049,25381.951799999923
0.7,0.8,0.1,0.2,2793.955799999996,13710.46219999995,25673.744399999967
0.7,0.8,0.1,0.4,29403.955799999996,34590.46219999995,53233.22860000003
0.7,0.8,0.05,0.0,-5270.336099999957,3685.4038999999175,25381.951799999923
0.7,0.8,0.05,0.2,21339.663900000043,24565.403899999917,34627.25099999993
0.7,0.8,0.05,0.4,47949.66390000004,45445.403900000034,74673.9926
0.5,0.2,0.2,0.0,-113799.85239999997,-63494.66279999999,8971.71419999993
0.5,0.2,0.2,0.2,-87189.85239999997,-42614.66280000005,8873.970199999982
0.5,0.2,0.2,0.4,-60579.852399999974,-21734.66280000005,23986.083400000003
0.5,0.2,0.1,0.0,-76708.4362,-41784.7794,8971.71419999993
0.5,0.2,0.1,0.2,-50098.4362,-20904.7794,13505.15399999998
0.5,0.2,0.1,0.4,-23488.436199999996,-24.77939999999944,46528.081000000006
0.5,0.2,0.05,0.0,-58162.72809999995,-30929.837700000033,8971.71419999993
0.5,0.2,0.05,0.2,-31552.728100000066,-10049.837700000033,22513.88679999998
0.5,0.2,0.05,0.4,-4942.728100000066,10830.162299999967,68474.94219999993
0.5,0.5,0.2,0.0,-75639.85239999997,-39959.66280000005,13107.830599999987
0.5,0.5,0.2,0.2,-49029.852399999974,-19079.66280000005,13107.830599999987
0.5,0.5,0.2,0.4,-22419.852399999974,1800.3371999999508,24218.926600000006
0.5,0.5,0.1,0.0,-38548.4362,-18249.7794,13107.830599999987
0.5,0.5,0.1,0.2,-11938.436199999996,2630.2206000000006,14933.599200000055
0.5,0.5,0.1,0.4,14671.563800000004,23510.2206,46610.755799999926
0.5,0.5,0.05,0.0,-20002.72809999995,-7394.837700000033,13107.830599999987
0.5,0.5,0.05,0.2,6607.271900000051,13485.162299999967,23418.73900000006
0.5,0.5,0.05,0.4,33217.27190000005,34365.16229999997,68481.26459999988
0.5,0.8,0.2,0.0,-37479.852399999974,-16424.66280000005,43668.08199999994
0.5,0.8,0.2,0.2,-10869.852399999974,4455.337199999951,43668.08199999994
0.5,0.8,0.2,0.4,15740.14759999991,25335.33719999995,45275.88679999998
0.5,0.8,0.1,0.0,-388.43619999999646,5285.220600000001,43668.08199999994
0.5,0.8,0.1,0.2,26221.563800000004,26165.2206,43956.5612
0.5,0.8,0.1,0.4,52831.5638,47045.2206,59992.381399999955
0.5,0.8,0.05,0.0,18157.27190000005,16140.162299999967,43668.08199999994
0.5,0.8,0.05,0.2,44767.27190000005,37020.16229999997,47618.50580000004
0.5,0.8,0.05,0.4,71377.27189999982,57900.16229999997,79877.34069999994
0.3,0.2,0.2,0.0,-90372.24439999997,-51039.9044,8971.71419999993
0.3,0.2,0.2,0.2,-63762.24439999997,-30159.9044,8873.970199999982
0.3,0.2,0.2,0.4,-37152.24439999997,-9279.9044,23986.083400000003
0.3,0.2,0.1,0.0,-53280.82819999999,-29330.021000000066,8971.71419999993
0.3,0.2,0.1,0.2,-26670.82819999999,-8450.021000000066,13505.15399999998
0.3,0.2,0.1,0.4,-60.82819999998901,12429.978999999934,46528.081000000006
0.3,0.2,0.05,0.0,-34735.12010000006,-18475.079299999983,8971.71419999993
0.3,0.2,0.05,0.2,-8125.120100000058,2404.920700000017,22513.88679999998
0.3,0.2,0.05,0.4,18484.879900000058,23284.920700000017,68474.94219999993
0.3,0.5,0.2,0.0,-52212.24439999997,-27504.9044,29443.2794
0.3,0.5,0.2,0.2,-25602.244399999967,-6624.904399999999,29443.2794
0.3,0.5,0.2,0.4,1007.7556000000332,14255.0956,29794.399399999995
0.3,0.5,0.1,0.0,-15120.828199999989,-5795.021000000066,29443.2794
0.3,0.5,0.1,0.2,11489.171800000011,15084.978999999934,29421.226000000024
0.3,0.5,0.1,0.4,38099.17180000001,35964.97900000005,48115.22660000005
0.3,0.5,0.05,0.0,3424.879900000058,5059.920700000017,29443.2794
0.3,0.5,0.05,0.2,30034.879900000058,25939.920700000017,32683.105100000044
0.3,0.5,0.05,0.4,56644.87990000006,46819.92070000002,69499.80090000003
0.3,0.8,0.2,0.0,-14052.244399999967,-3969.9043999999994,81120.5244
0.3,0.8,0.2,0.2,12557.755600000033,16910.0956,81120.5244
0.3,0.8,0.2,0.4,39167.75560000003,37790.0956,81120.5244
0.3,0.8,0.1,0.0,23039.17180000001,17739.978999999934,81120.5244
0.3,0.8,0.1,0.2,49649.17180000001,38619.97900000005,81120.5244
0.3,0.8,0.1,0.4,76259.17180000001,59499.97900000005,83976.88459999999
0.3,0.8,0.05,0.0,41584.87989999994,28594.920700000017,81120.5244
0.3,0.8,0.05,0.2,68194.87989999994,49474.9206999999,82092.26799999992
0.3,0.8,0.05,0.4,94804.87989999994,70354.92070000002,97160.82510000002
