rto_cost,margin_pct,v_drop,d_drop,v_eff,realized_savings,single_savings,beats_allow,beats_single
75.0,0.1,0.025,0.2,0.15,54125.79,73.68,True,True
75.0,0.1,0.025,0.2,0.3,56071.05,20559.93,True,True
75.0,0.1,0.025,0.4,0.15,28345.71,73.68,True,True
75.0,0.1,0.025,0.4,0.3,35854.2,20559.93,True,True
75.0,0.1,0.025,0.8,0.15,11790.85,73.68,True,True
75.0,0.1,0.025,0.8,0.3,25610.78,20559.93,True,True
75.0,0.1,0.025,1.0,0.15,8624.05,73.68,True,True
75.0,0.1,0.025,1.0,0.3,24305.55,20559.93,True,True
75.0,0.1,0.05,0.2,0.15,54125.79,-8430.88,True,True
75.0,0.1,0.05,0.2,0.3,54326.94,12055.37,True,True
75.0,0.1,0.05,0.4,0.15,28497.51,-8430.88,True,True
75.0,0.1,0.05,0.4,0.3,31412.38,12055.37,True,True
75.0,0.1,0.05,0.8,0.15,10434.44,-8430.88,True,True
75.0,0.1,0.05,0.8,0.3,19744.79,12055.37,True,True
75.0,0.1,0.05,1.0,0.15,7242.68,-8430.88,True,True
75.0,0.1,0.05,1.0,0.3,18422.46,12055.37,True,True
75.0,0.1,0.1,0.2,0.15,54125.79,-25440.01,True,True
75.0,0.1,0.1,0.2,0.3,54125.79,-4953.76,True,True
75.0,0.1,0.1,0.4,0.15,28497.51,-25440.01,True,True
75.0,0.1,0.1,0.4,0.3,28805.68,-4953.76,True,True
75.0,0.1,0.1,0.8,0.15,9876.43,-25440.01,True,True
75.0,0.1,0.1,0.8,0.3,13909.85,-4953.76,True,True
75.0,0.1,0.1,1.0,0.15,6457.12,-25440.01,True,True
75.0,0.1,0.1,1.0,0.3,12397.96,-4953.76,True,True
75.0,0.2,0.025,0.2,0.15,28497.51,-8430.88,True,True
75.0,0.2,0.025,0.2,0.3,31412.38,12055.37,True,True
75.0,0.2,0.025,0.4,0.15,10434.44,-8430.88,True,True
75.0,0.2,0.025,0.4,0.3,19744.79,12055.37,True,True
75.0,0.2,0.025,0.8,0.15,3222.56,-8430.88,True,True
75.0,0.2,0.025,0.8,0.3,15479.41,12055.37,True,True
75.0,0.2,0.025,1.0,0.15,1744.36,-8430.88,True,True
75.0,0.2,0.025,1.0,0.3,14865.19,12055.37,True,True
75.0,0.2,0.05,0.2,0.15,28497.51,-25440.01,True,True
75.0,0.2,0.05,0.2,0.3,28805.68,-4953.76,True,True
75.0,0.2,0.05,0.4,0.15,9876.43,-25440.01,True,True
75.0,0.2,0.05,0.4,0.3,13909.85,-4953.76,True,True
75.0,0.2,0.05,0.8,0.15,2422.31,-25440.01,True,True
75.0,0.2,0.05,0.8,0.3,9367.24,-4953.76,True,True
75.0,0.2,0.05,1.0,0.15,999.27,-25440.01,True,True
75.0,0.2,0.05,1.0,0.3,8787.25,-4953.76,True,True
75.0,0.2,0.1,0.2,0.15,28497.51,-59458.27,True,True
75.0,0.2,0.1,0.2,0.3,28497.51,-38972.02,True,True
75.0,0.2,0.1,0.4,0.15,9867.18,-59458.27,True,True
75.0,0.2,0.1,0.4,0.3,10422.45,-38972.02,True,True
75.0,0.2,0.1,0.8,0.15,2002.2,-59458.27,True,True
75.0,0.2,0.1,0.8,0.3,4359.99,-38972.02,True,True
75.0,0.2,0.1,1.0,0.15,883.24,-59458.27,True,True
75.0,0.2,0.1,1.0,0.3,3560.91,-38972.02,True,True
75.0,0.35,0.025,0.2,0.15,12233.96,-21187.73,True,True
75.0,0.35,0.025,0.2,0.3,16769.4,-701.48,True,True
75.0,0.35,0.025,0.4,0.15,3533.97,-21187.73,True,True
75.0,0.35,0.025,0.4,0.3,11058.87,-701.48,True,True
75.0,0.35,0.025,0.8,0.15,-65.88,-21187.73,False,True
75.0,0.35,0.025,0.8,0.3,9055.3,-701.48,True,True
75.0,0.35,0.025,1.0,0.15,-637.01,-21187.73,False,True
75.0,0.35,0.025,1.0,0.3,8622.58,-701.48,True,True
75.0,0.35,0.05,0.2,0.15,12224.71,-50953.71,True,True
75.0,0.35,0.05,0.2,0.3,11763.88,-30467.46,True,True
75.0,0.35,0.05,0.4,0.15,3365.57,-50953.71,True,True
75.0,0.35,0.05,0.4,0.3,5422.27,-30467.46,True,True
75.0,0.35,0.05,0.8,0.15,-771.39,-50953.71,False,True
75.0,0.35,0.05,0.8,0.3,3209.82,-30467.46,True,True
75.0,0.35,0.05,1.0,0.15,-1284.12,-50953.71,False,True
75.0,0.35,0.05,1.0,0.3,2714.66,-30467.46,True,True
75.0,0.35,0.1,0.2,0.15,12224.71,-110485.66,True,True
75.0,0.35,0.1,0.2,0.3,12224.71,-89999.41,True,True
75.0,0.35,0.1,0.4,0.15,3365.57,-110485.66,True,True
75.0,0.35,0.1,0.4,0.3,3525.1,-89999.41,True,True
75.0,0.35,0.1,0.8,0.15,-953.35,-110485.66,False,True
75.0,0.35,0.1,0.8,0.3,603.17,-89999.41,True,True
75.0,0.35,0.1,1.0,0.15,-1463.55,-110485.66,False,True
75.0,0.35,0.1,1.0,0.3,93.75,-89999.41,True,True
150.0,0.1,0.025,0.2,0.15,162189.71,20559.93,True,True
150.0,0.1,0.025,0.2,0.3,162672.3,61532.43,True,True
150.0,0.1,0.025,0.4,0.15,113965.59,20559.93,True,True
150.0,0.1,0.025,0.4,0.3,123551.14,61532.43,True,True
150.0,0.1,0.025,0.8,0.15,65156.53,20559.93,True,True
150.0,0.1,0.025,0.8,0.3,89381.28,61532.43,True,True
150.0,0.1,0.025,1.0,0.15,51715.41,20559.93,True,True
150.0,0.1,0.025,1.0,0.3,81030.5,61532.43,True,True
150.0,0.1,0.05,0.2,0.15,162362.35,12055.37,True,True
150.0,0.1,0.05,0.2,0.3,161953.08,53027.87,True,True
150.0,0.1,0.05,0.4,0.15,111059.51,12055.37,True,True
150.0,0.1,0.05,0.4,0.3,118447.45,53027.87,True,True
150.0,0.1,0.05,0.8,0.15,60629.96,12055.37,True,True
150.0,0.1,0.05,0.8,0.3,80769.41,53027.87,True,True
150.0,0.1,0.05,1.0,0.15,47016.75,12055.37,True,True
150.0,0.1,0.05,1.0,0.3,73456.26,53027.87,True,True
150.0,0.1,0.1,0.2,0.15,162362.35,-4953.76,True,True
150.0,0.1,0.1,0.2,0.3,162362.35,36018.74,True,True
150.0,0.1,0.1,0.4,0.15,111048.37,-4953.76,True,True
150.0,0.1,0.1,0.4,0.3,112501.91,36018.74,True,True
150.0,0.1,0.1,0.8,0.15,59480.31,-4953.76,True,True
150.0,0.1,0.1,0.8,0.3,68929.84,36018.74,True,True
150.0,0.1,0.1,1.0,0.15,43698.48,-4953.76,True,True
150.0,0.1,0.1,1.0,0.3,59888.15,36018.74,True,True
150.0,0.2,0.025,0.2,0.15,111059.51,12055.37,True,True
150.0,0.2,0.025,0.2,0.3,118447.45,53027.87,True,True
150.0,0.2,0.025,0.4,0.15,60629.96,12055.37,True,True
150.0,0.2,0.025,0.4,0.3,80769.41,53027.87,True,True
150.0,0.2,0.025,0.8,0.15,29715.99,12055.37,True,True
150.0,0.2,0.025,0.8,0.3,64318.69,53027.87,True,True
150.0,0.2,0.025,1.0,0.15,24869.72,12055.37,True,True
150.0,0.2,0.025,1.0,0.3,61321.21,53027.87,True,True
150.0,0.2,0.05,0.2,0.15,111048.37,-4953.76,True,True
150.0,0.2,0.05,0.2,0.3,112501.91,36018.74,True,True
150.0,0.2,0.05,0.4,0.15,59480.31,-4953.76,True,True
150.0,0.2,0.05,0.4,0.3,68929.84,36018.74,True,True
150.0,0.2,0.05,0.8,0.15,25072.64,-4953.76,True,True
150.0,0.2,0.05,0.8,0.3,49514.04,36018.74,True,True
150.0,0.2,0.05,1.0,0.15,19263.71,-4953.76,True,True
150.0,0.2,0.05,1.0,0.3,46685.3,36018.74,True,True
150.0,0.2,0.1,0.2,0.15,111048.37,-38972.02,True,True
150.0,0.2,0.1,0.2,0.3,111048.37,2000.48,True,True
150.0,0.2,0.1,0.4,0.15,59095.99,-38972.02,True,True
150.0,0.2,0.1,0.4,0.3,59235.15,2000.48,True,True
150.0,0.2,0.1,0.8,0.15,20646.02,-38972.02,True,True
150.0,0.2,0.1,0.8,0.3,33288.12,2000.48,True,True
150.0,0.2,0.1,1.0,0.15,14236.31,-38972.02,True,True
150.0,0.2,0.1,1.0,0.3,30878.3,2000.48,True,True
150.0,0.35,0.025,0.2,0.15,67987.49,-701.48,True,True
150.0,0.35,0.025,0.2,0.3,78240.58,40271.02,True,True
150.0,0.35,0.025,0.4,0.15,27801.53,-701.48,True,True
150.0,0.35,0.025,0.4,0.3,53676.5,40271.02,True,True
150.0,0.35,0.025,0.8,0.15,14520.39,-701.48,True,True
150.0,0.35,0.025,0.8,0.3,45933.43,40271.02,True,True
150.0,0.35,0.025,1.0,0.15,11819.68,-701.48,True,True
150.0,0.35,0.025,1.0,0.3,44663.61,40271.02,True,True
150.0,0.35,0.05,0.2,0.15,67785.34,-30467.46,True,True
150.0,0.35,0.05,0.2,0.3,68058.97,10505.04,True,True
150.0,0.35,0.05,0.4,0.15,25214.04,-30467.46,True,True
150.0,0.35,0.05,0.4,0.3,38720.6,10505.04,True,True
150.0,0.35,0.05,0.8,0.15,8577.75,-30467.46,True,True
150.0,0.35,0.05,0.8,0.3,29538.39,10505.04,True,True
150.0,0.35,0.05,1.0,0.15,6025.66,-30467.46,True,True
150.0,0.35,0.05,1.0,0.3,28133.18,10505.04,True,True
150.0,0.35,0.1,0.2,0.15,67785.34,-89999.41,True,True
150.0,0.35,0.1,0.2,0.3,67785.34,-49026.91,True,True
150.0,0.35,0.1,0.4,0.15,24997.92,-89999.41,True,True
150.0,0.35,0.1,0.4,0.3,26257.8,-49026.91,True,True
150.0,0.35,0.1,0.8,0.15,7719.22,-89999.41,True,True
150.0,0.35,0.1,0.8,0.3,14023.01,-49026.91,True,True
150.0,0.35,0.1,1.0,0.15,3700.23,-89999.41,True,True
150.0,0.35,0.1,1.0,0.3,11904.96,-49026.91,True,True
300.0,0.1,0.025,0.2,0.15,399058.3,61532.43,True,True
300.0,0.1,0.025,0.2,0.3,400268.9,143477.43,True,True
300.0,0.1,0.025,0.4,0.15,327268.37,61532.43,True,True
300.0,0.1,0.025,0.4,0.3,334652.42,143477.43,True,True
300.0,0.1,0.025,0.8,0.15,237341.25,61532.43,True,True
300.0,0.1,0.025,0.8,0.3,262547.45,143477.43,True,True
300.0,0.1,0.025,1.0,0.15,204759.99,61532.43,True,True
300.0,0.1,0.025,1.0,0.3,239786.16,143477.43,True,True
300.0,0.1,0.05,0.2,0.15,398801.27,53027.87,True,True
300.0,0.1,0.05,0.2,0.3,398753.48,134972.87,True,True
300.0,0.1,0.05,0.4,0.15,326857.92,53027.87,True,True
300.0,0.1,0.05,0.4,0.3,329875.37,134972.87,True,True
300.0,0.1,0.05,0.8,0.15,233002.91,53027.87,True,True
300.0,0.1,0.05,0.8,0.3,255078.42,134972.87,True,True
300.0,0.1,0.05,1.0,0.15,198915.46,53027.87,True,True
300.0,0.1,0.05,1.0,0.3,231266.97,134972.87,True,True
300.0,0.1,0.1,0.2,0.15,398801.27,36018.74,True,True
300.0,0.1,0.1,0.2,0.3,398801.27,117963.74,True,True
300.0,0.1,0.1,0.4,0.15,328271.51,36018.74,True,True
300.0,0.1,0.1,0.4,0.3,326579.84,117963.74,True,True
300.0,0.1,0.1,0.8,0.15,225757.84,36018.74,True,True
300.0,0.1,0.1,0.8,0.3,242492.18,117963.74,True,True
300.0,0.1,0.1,1.0,0.15,190882.8,36018.74,True,True
300.0,0.1,0.1,1.0,0.3,217667.82,117963.74,True,True
300.0,0.2,0.025,0.2,0.15,326857.92,53027.87,True,True
300.0,0.2,0.025,0.2,0.3,329875.37,134972.87,True,True
300.0,0.2,0.025,0.4,0.15,233002.91,53027.87,True,True
300.0,0.2,0.025,0.4,0.3,255078.42,134972.87,True,True
300.0,0.2,0.025,0.8,0.15,140636.67,53027.87,True,True
300.0,0.2,0.025,0.8,0.3,189508.32,134972.87,True,True
300.0,0.2,0.025,1.0,0.15,114475.69,53027.87,True,True
300.0,0.2,0.025,1.0,0.3,174323.27,134972.87,True,True
300.0,0.2,0.05,0.2,0.15,328271.51,36018.74,True,True
300.0,0.2,0.05,0.2,0.3,326579.84,117963.74,True,True
300.0,0.2,0.05,0.4,0.15,225757.84,36018.74,True,True
300.0,0.2,0.05,0.4,0.3,242492.18,117963.74,True,True
300.0,0.2,0.05,0.8,0.15,127388.83,36018.74,True,True
300.0,0.2,0.05,0.8,0.3,172605.78,117963.74,True,True
300.0,0.2,0.05,1.0,0.15,101137.54,36018.74,True,True
300.0,0.2,0.05,1.0,0.3,156526.62,117963.74,True,True
300.0,0.2,0.1,0.2,0.15,328271.51,2000.48,True,True
300.0,0.2,0.1,0.2,0.3,328271.51,83945.48,True,True
300.0,0.2,0.1,0.4,0.15,224751.58,2000.48,True,True
300.0,0.2,0.1,0.4,0.3,228166.19,83945.48,True,True
300.0,0.2,0.1,0.8,0.15,118596.25,2000.48,True,True
300.0,0.2,0.1,0.8,0.3,146390.78,83945.48,True,True
300.0,0.2,0.1,1.0,0.15,90904.22,2000.48,True,True
300.0,0.2,0.1,1.0,0.3,128828.04,83945.48,True,True
300.0,0.35,0.025,0.2,0.15,245342.97,40271.02,True,True
300.0,0.35,0.025,0.2,0.3,262928.35,122216.02,True,True
300.0,0.35,0.025,0.4,0.15,144564.05,40271.02,True,True
300.0,0.35,0.025,0.4,0.3,187537.47,122216.02,True,True
300.0,0.35,0.025,0.8,0.15,79579.57,40271.02,True,True
300.0,0.35,0.025,0.8,0.3,148188.6,122216.02,True,True
300.0,0.35,0.025,1.0,0.15,65964.41,40271.02,True,True
300.0,0.35,0.025,1.0,0.3,144394.57,122216.02,True,True
300.0,0.35,0.05,0.2,0.15,244506.41,10505.04,True,True
300.0,0.35,0.05,0.2,0.3,247149.64,92450.04,True,True
300.0,0.35,0.05,0.4,0.15,137962.36,10505.04,True,True
300.0,0.35,0.05,0.4,0.3,165020.44,92450.04,True,True
300.0,0.35,0.05,0.8,0.15,63365.16,10505.04,True,True
300.0,0.35,0.05,0.8,0.3,118173.92,92450.04,True,True
300.0,0.35,0.05,1.0,0.15,50165.03,10505.04,True,True
300.0,0.35,0.05,1.0,0.3,114082.26,92450.04,True,True
300.0,0.35,0.1,0.2,0.15,244506.41,-49026.91,True,True
300.0,0.35,0.1,0.2,0.3,244506.41,32918.09,True,True
300.0,0.35,0.1,0.4,0.15,137106.08,-49026.91,True,True
300.0,0.35,0.1,0.4,0.3,143357.99,32918.09,True,True
300.0,0.35,0.1,0.8,0.15,50087.72,-49026.91,True,True
300.0,0.35,0.1,0.8,0.3,86155.21,32918.09,True,True
300.0,0.35,0.1,1.0,0.15,37163.21,-49026.91,True,True
300.0,0.35,0.1,1.0,0.3,79619.57,32918.09,True,True
